{"Configuration":{"Script":"train.py","UseAbsolutePath":false,"Arguments":[],"SourceDirectoryDataStore":null,"Framework":0,"Communicator":0,"Target":"mlass1","DataReferences":{},"Data":{},"OutputData":{},"Datacaches":[],"JobName":null,"MaxRunDurationSeconds":null,"NodeCount":1,"InstanceTypes":[],"Priority":null,"CredentialPassthrough":false,"Identity":null,"Environment":{"Name":"AzureML-AutoML","Version":"156","AssetId":"azureml://registries/azureml/environments/AzureML-AutoML/versions/156","AutoRebuild":true,"Python":{"InterpreterPath":"python","UserManagedDependencies":true,"CondaDependencies":null,"BaseCondaEnvironment":null},"EnvironmentVariables":{"EXAMPLE_ENV_VAR":"EXAMPLE_VALUE"},"Docker":{"BaseImage":null,"Platform":{"Os":"Linux","Architecture":"amd64"},"BaseDockerfile":"FROM mcr.microsoft.com/azureml/openmpi4.1.0-ubuntu20.04\n\nENV AZUREML_CONDA_ENVIRONMENT_PATH /azureml-envs/azureml-automl\nENV PATH $AZUREML_CONDA_ENVIRONMENT_PATH/bin:$PATH\n\nCOPY --from=mcr.microsoft.com/azureml/mlflow-ubuntu20.04-py38-cpu-inference:20230306.v3 /var/mlflow_resources/mlflow_score_script.py /var/mlflow_resources/mlflow_score_script.py\n\nENV MLFLOW_MODEL_FOLDER=\"mlflow-model\"\n# ENV AML_APP_ROOT=\"/var/mlflow_resources\"\n# ENV AZUREML_ENTRY_SCRIPT=\"mlflow_score_script.py\"\n\nENV ENABLE_METADATA=true\n\n# begin conda create\n# Create conda environment\nRUN conda create -p $AZUREML_CONDA_ENVIRONMENT_PATH \\\n    python=3.8 \\\n    # begin conda dependencies\n    pip=22.1.2 \\\n    numpy~=1.22.3 \\\n    py-cpuinfo=5.0.0 \\\n    joblib=1.2.0 \\\n    cloudpickle=1.6.0 \\\n    scikit-learn=1.1.3 \\\n    pandas~=1.3.5 \\\n    py-xgboost=1.3.3 \\\n    holidays=0.29 \\\n    setuptools-git \\\n    setuptools=65.5.1 \\\n    wheel=0.38.1 \\\n    pyopenssl=23.2.0 \\\n    'psutil>5.0.0,<6.0.0' \\\n    # end conda dependencies\n    -c conda-forge -c pytorch -c anaconda && \\\n    conda run -p $AZUREML_CONDA_ENVIRONMENT_PATH && \\\n    conda clean -a -y\n# end conda create\n\n# begin pip install\n# Install pip dependencies\nRUN pip install  \\\n                # begin pypi dependencies\n                'azureml-core==1.54.0.post1' \\\n                'azureml-mlflow==1.54.0.post1' \\\n                'azureml-pipeline-core==1.54.0' \\\n                'azureml-telemetry==1.54.0' \\\n                'azureml-interpret==1.54.0' \\\n                'azureml-responsibleai==1.54.0' \\\n                'azureml-automl-core==1.54.0' \\\n                'azureml-automl-runtime==1.54.0' \\\n                'azureml-train-automl-client==1.54.0.post1' \\\n                'azureml-train-automl-runtime==1.54.0.post1' \\\n                'azureml-dataset-runtime==1.54.0.post1' \\\n                'azureml-defaults==1.54.0' \\\n                'cryptography>=41.0.4' \\\n                'inference-schema' \\\n                'prophet==1.1.4' \\\n                'mltable>=1.0.0'\n                # end pypi dependencies\n# end pip install\n\n# dummy number to change when needing to force rebuild without changing the definition: 3","BaseImageRegistry":{"Address":null,"Username":null,"Password":null},"Enabled":false,"Arguments":[]},"Spark":{"Repositories":[],"Packages":[],"PrecachePackages":true},"InferencingStackVersion":null},"History":{"OutputCollection":true,"DirectoriesToWatch":["logs"],"EnableMLflowTracking":true},"Spark":{"Configuration":{"spark.app.name":"Azure ML Experiment","spark.yarn.maxAppAttempts":"1"}},"ParallelTask":{"MaxRetriesPerWorker":0,"WorkerCountPerNode":1,"TerminalExitCodes":null,"Configuration":{}},"BatchAi":{"NodeCount":0},"AmlCompute":{"Name":null,"VmSize":null,"RetainCluster":false,"ClusterMaxNodeCount":null},"AISuperComputer":{"InstanceType":"D2","FrameworkImage":null,"ImageVersion":null,"Location":null,"AISuperComputerStorageData":null,"Interactive":false,"ScalePolicy":null,"VirtualClusterArmId":null,"TensorboardLogDirectory":null,"SSHPublicKey":null,"SSHPublicKeys":null,"EnableAzmlInt":true,"Priority":"Medium","SLATier":"Standard","UserAlias":null},"KubernetesCompute":{"InstanceType":null},"Tensorflow":{"WorkerCount":1,"ParameterServerCount":1},"Mpi":{"ProcessCountPerNode":1},"PyTorch":{"CommunicationBackend":null,"ProcessCount":null},"Hdi":{"YarnDeployMode":2},"ContainerInstance":{"Region":null,"CpuCores":2.0,"MemoryGb":3.5},"ExposedPorts":null,"Docker":{"UseDocker":null,"SharedVolumes":null,"ShmSize":null,"Arguments":null},"Cmk8sCompute":{"Configuration":{}},"CommandReturnCodeConfig":{"ReturnCode":0,"SuccessfulReturnCodes":[]},"EnvironmentVariables":{"AUTOML_SDK_RESOURCE_URL":"https://aka.ms/automl-resources/"},"ApplicationEndpoints":{},"Parameters":[]},"Attribution":null,"TelemetryValues":null,"Overrides":null,"SnapshotId":null,"Snapshots":[],"SourceCodeDataReference":null,"ParentRunId":null,"DataContainerId":null,"RunType":null,"DisplayName":null,"EnvironmentAssetId":null,"Properties":{},"Tags":{},"AggregatedArtifactPath":null}